{
  "zscore_only": {
    "ssim_mean": 0.8020217865293897,
    "ssim_std": 0.0028772894409120017,
    "ssim_min": 0.7983594994944093,
    "ncc_mean": 0.9781286114894379,
    "ncc_std": 2.3260002686431743e-05
  },
  "clahe_zscore": {
    "ssim_mean": 0.8326406251079786,
    "ssim_std": 0.0014606994296677198,
    "ssim_min": 0.830591409390551,
    "ncc_mean": 0.9955691585056204,
    "ncc_std": 8.182531637135667e-06
  },
  "improvement": {
    "ssim_delta": 0.030618838578588936,
    "ncc_delta": 0.017440547016182584,
    "ssim_pct_change": 3.8177065876335674
  }
}